USE shop;

/* produkt BEGIN */
INSERT INTO produkt VALUES ('689151263829', 'Bluza z kapturem', 'Szeroka bluza z dzianiny dresowej. Kaptur z podszewk¹ i sznurkiem, kangurkowa kieszeñ, reglanowe rêkawy ze œci¹gaczem i œci¹gacz u do³u bluzy. Wewn¹trz miêkki meszek.', 59.90, 23);
INSERT INTO produkt VALUES ('276980714089', 'Sukienka z bufiastym rêkawem', 'Krótka prosta sukienka. Okr¹g³y dekolt z ma³ym falbankowym ko³nierzykiem. Z przodu elastycznie marszczony karczek. Krótkie bufiaste rêkawy z elastycznym brzegiem. U do³u odciêcie. Brzegi wokó³ ko³nierzyka i u do³u wykoñczone owerlokiem.', 34.90, 79);
INSERT INTO produkt VALUES ('173587193688', 'Joggersy High Waist', 'Joggersy z dzianiny dresowej z wysokim stanem. Elastyczna talia ze sznurkiem, kieszenie po bokach, elastyczne brzegi nogawek. Wewn¹trz miêkki meszek.', 79.99, 4);
INSERT INTO produkt VALUES ('555997233317', 'Kardigan o luŸnym splocie', 'Kardigan bez zapiêcia z miêkkiej dzianiny o luŸnym splocie.Poliester zawarty w produkcie pochodzi z recyklingu.', 19.90, 67);
INSERT INTO produkt VALUES ('128244529013', 'Spodnie dresowe', 'Spodnie z miêkkiej dzianiny dresowej. Elastyczna talia ze sznurkiem, kieszenie po bokach. Nogawki ze œci¹gaczem. Wewn¹trz miêkki meszek.', 59.99, 85);
INSERT INTO produkt VALUES ('165125043636', 'Top z wi¹zaniem', 'Podkreœlaj¹cy figurê krótki top d¿ersejowy z d³ugim rêkawem i w¹skimi tasiemkami do wi¹zania wokó³ talii.', 29.90, 83);
INSERT INTO produkt VALUES ('598798407777', 'Drapowany top', 'Krótki siateczkowy top z poliestru pochodz¹cego z recyklingu. Dekolt karo, lekkie drapowanie i d³ugie bufiaste rêkawy z elastycznym brzegiem na ramionach. Brzeg u góry i u do³u topu wykoñczony falbank¹ obszyt¹ owerlokiem. D¿ersejowa podszewka z poliestru pochodz¹cego z recyklingu.', 34.90, 2);
INSERT INTO produkt VALUES ('487527015433', 'Krótki top', 'Krótki drapowany top z miêkkiego materia³u. Dekolt karo, d³ugi rêkaw z elastycznym brzegiem na ramionach i u do³u rêkawów. Przód i ty³ z podszewk¹.', 34.90, 30);
INSERT INTO produkt VALUES ('650375388511', 'Brokatowy sweter', 'Sweter z miêkkiej dzianiny z dodatkiem b³yszcz¹cych nici. Mocno obni¿one ramiona, obszerne rêkawy. Œci¹gacz wokó³ szyi i rêkawów, prosty dó³.', 29.90, 72);
INSERT INTO produkt VALUES ('346730122470', 'Sukienka z bufiastym rêkawem', 'Krótka sukienka z miêkkiej tkaniny z drapowaniem na biuœcie. Dekolt karo, krótkie bufiaste rêkawy, lekko wciêta talia i rozszerzany dó³. Podszewka na wysokoœci biustu.', 29.90, 15);
INSERT INTO produkt VALUES ('202602457268', 'Sukienka z bufiastym rêkawem', 'Krótka sukienka z miêkkiej tkaniny z drapowaniem na biuœcie. Dekolt karo, krótkie bufiaste rêkawy, lekko wciêta talia i rozszerzany dó³. Podszewka na wysokoœci biustu.', 34.90, 72);
INSERT INTO produkt VALUES ('237244512131', 'Bluza z kapturem', 'Bluza z miêkkiej dzianiny dresowej. Kaptur ze sznurkiem i z d¿ersejow¹ podszewk¹, kangurkowa kieszeñ. Rêkawy i dó³ ze œci¹gaczem. Wewn¹trz miêkki meszek.', 59.99, 24);
INSERT INTO produkt VALUES ('471310763767', 'Sweter', 'Sweter z miêkkiej dzianiny. Okr¹g³y dekolt, brzegi ze œci¹gaczem.', 24.90, 33);
INSERT INTO produkt VALUES ('583379902200', 'Krótki top z golfem', 'Krótki top z wiskozowego d¿erseju z d³ugim rêkawem i golfowym ko³nierzem.', 22.90, 94);
INSERT INTO produkt VALUES ('681234445457', 'Sweter', 'Sweter z miêkkiej dzianiny. Okr¹g³y dekolt, brzegi ze œci¹gaczem.', 24.90, 53);
INSERT INTO produkt VALUES ('535753862864', 'Top w pr¹¿ki', 'Nieco krótszy dopasowany top z miêkkiego d¿erseju w pr¹¿ki. Stójka z falbank¹, d³ugie rêkawy z falbankowym brzegiem.', 49.90, 89);
INSERT INTO produkt VALUES ('501207801527', 'Bawe³niane figi thong 7-pak', 'Stringi z bawe³nianego d¿erseju. Niski stan, krok z podszewk¹.', 49.99, 34);
INSERT INTO produkt VALUES ('649059069626', 'Sukienka z bufiastym rêkawem', 'Krótka sukienka z miêkkiej tkaniny z drapowaniem na biuœcie. Dekolt karo, krótkie bufiaste rêkawy, lekko wciêta talia i rozszerzany dó³. Podszewka na wysokoœci biustu.', 39.90, 58);
INSERT INTO produkt VALUES ('722782173161', 'Spodnie dresowe', 'Spodnie z miêkkiej dzianiny dresowej. Elastyczna talia ze sznurkiem, kieszenie po bokach. Nogawki ze œci¹gaczem. Wewn¹trz miêkki meszek.', 59.99, 33);
INSERT INTO produkt VALUES ('826783697567', 'Top z d³ugim rêkawem', 'Krótki top z b³yszcz¹cego d¿erseju. Dekolt karo z przodu i z ty³u z silikonow¹ taœm¹ od wewn¹trz zapewniaj¹c¹ lepsze dopasowanie. D³ugie rêkawy. Z przodu ozdobne szwy i asymetryczny dó³.', 29.90, 52);
/* produkt END */

/* hurtownia BEGIN */
INSERT INTO hurtownia VALUES ('poniedzia³ek', '12:30-16:30', 41);
INSERT INTO hurtownia VALUES ('wtorek', '05:15-09:15', 64);
INSERT INTO hurtownia VALUES ('czwartek', '10:30-12:30', 14);
INSERT INTO hurtownia VALUES ('niedziela', '12:30-17:30', 62);
INSERT INTO hurtownia VALUES ('pi¹tek', '05:15-12:15', 19);
INSERT INTO hurtownia VALUES ('czwartek', '14:00-17:00', 48);
INSERT INTO hurtownia VALUES ('pi¹tek', '05:30-07:30', 63);
INSERT INTO hurtownia VALUES ('wtorek', '10:30-14:30', 7);
INSERT INTO hurtownia VALUES ('œroda', '13:15-16:15', 32);
INSERT INTO hurtownia VALUES ('pi¹tek', '07:15-12:15', 38);
INSERT INTO hurtownia VALUES ('niedziela', '05:45-07:45', 30);
INSERT INTO hurtownia VALUES ('pi¹tek', '11:30-13:30', 22);
INSERT INTO hurtownia VALUES ('sobota', '13:00-20:00', 38);
INSERT INTO hurtownia VALUES ('wtorek', '11:30-18:30', 48);
INSERT INTO hurtownia VALUES ('czwartek', '05:45-07:45', 43);
INSERT INTO hurtownia VALUES ('sobota', '11:15-17:15', 2);
INSERT INTO hurtownia VALUES ('poniedzia³ek', '07:30-10:30', 49);
INSERT INTO hurtownia VALUES ('wtorek', '09:30-11:30', 55);
INSERT INTO hurtownia VALUES ('œroda', '13:00-20:00', 28);
INSERT INTO hurtownia VALUES ('wtorek', '08:45-11:45', 35);
/* hurtownia END */

/* adres BEGIN */
INSERT INTO adres VALUES ('141-4740 Aenean Ave', '18', 45, '22549', 'Ponce', 'French Polynesia');
INSERT INTO adres VALUES ('Ap #198-4245 Egestas Rd.', '55', 98, '02268', 'Plymouth', 'Ghana');
INSERT INTO adres VALUES ('276-2247 Erat Av.', '22', 43, '93524', 'Taylorsville', 'Tanzania, United Republic of');
INSERT INTO adres VALUES ('Ap #971-6564 Velit Street', '63', 5, '66509', 'Frankfort', 'Slovenia');
INSERT INTO adres VALUES ('Ap #938-4455 Eu, St.', '37', 85, '02793', 'Rehoboth Beach', 'Djibouti');
INSERT INTO adres VALUES ('Ap #781-7715 Nunc Avenue', '44', 43, '44227', 'Sanford', 'El Salvador');
INSERT INTO adres VALUES ('Ap #622-4700 Tincidunt. Ave', '60', 66, '6008AU', 'Rancho Santa Margarita', 'Montserrat');
INSERT INTO adres VALUES ('9729 Eu, St.', '2', 43, '6119NV', 'Newburyport', 'Djibouti');
INSERT INTO adres VALUES ('P.O. Box 817, 1891 Nec Av.', '68', 84, 'V02 4QT', 'Kingston', 'Nepal');
INSERT INTO adres VALUES ('P.O. Box 795, 7048 Nisi St.', '28', 89, '72013', 'Suffolk', 'Cyprus');
INSERT INTO adres VALUES ('3280 Mollis. Avenue', '43', NULL, 'G0L 7QE', 'Christiansted', 'Palestinian Territory, Occupied');
INSERT INTO adres VALUES ('Ap #841-192 Sollicitudin Road', '37', NULL, '6629TI', 'Sheboygan', 'Portugal');
INSERT INTO adres VALUES ('P.O. Box 939, 7806 Augue. Rd.', '6', NULL, 'O6J 8PT', 'Iowa City', 'Indonesia');
INSERT INTO adres VALUES ('P.O. Box 263, 6628 Lorem Avenue', '64', NULL, '7404RQ', 'Knoxville', 'Mozambique');
INSERT INTO adres VALUES ('2251 Cum Avenue', '53', NULL, '1375DO', 'Layton', 'Chile');
INSERT INTO adres VALUES ('P.O. Box 761, 2045 Vitae Av.', '98', NULL, '8984IJ', 'Hickory', 'Cocos (Keeling) Islands');
INSERT INTO adres VALUES ('P.O. Box 346, 8401 Id Ave', '56', NULL, 'Q8W 3AS', 'Michigan City', 'Saint Kitts and Nevis');
INSERT INTO adres VALUES ('P.O. Box 935, 7106 Placerat. Avenue', '10', NULL, '1557KI', 'Union City', 'Papua New Guinea');
INSERT INTO adres VALUES ('Ap #245-3668 Vitae Ave', '39', NULL, '7216VA', 'Seaford', 'Saint Kitts and Nevis');
INSERT INTO adres VALUES ('3248 Ornare Rd.', '67', NULL, '7234JU', 'Cudahy', 'Tunisia');
/* adres END */

/* klient BEGIN */
INSERT INTO klient VALUES ((SELECT ID_adresu FROM adres WHERE ID_adresu = 1), 'umohr@gmail.com', 'W³adys³aw', 'Baran', '2015-05-24');
INSERT INTO klient VALUES ((SELECT ID_adresu FROM adres WHERE ID_adresu = 2), 'dromaguera@hotmail.com', 'Edward', 'Marciniak', '2014-10-11');
INSERT INTO klient VALUES ((SELECT ID_adresu FROM adres WHERE ID_adresu = 3), 'herman.angelica@gmail.com', '£ukasz', 'G³owacki', '2009-11-11');
INSERT INTO klient VALUES ((SELECT ID_adresu FROM adres WHERE ID_adresu = 4), 'chase.greenholt@trantow.com', 'Zbigniew', 'Walczak', '2011-07-14');
INSERT INTO klient VALUES ((SELECT ID_adresu FROM adres WHERE ID_adresu = 5), 'xeffertz@miller.com', 'Micha³', 'Majewski', '2016-03-26');
INSERT INTO klient VALUES ((SELECT ID_adresu FROM adres WHERE ID_adresu = 6), 'kilback.una@yahoo.com', 'Kamil', 'Wilk', '2008-07-28');
INSERT INTO klient VALUES ((SELECT ID_adresu FROM adres WHERE ID_adresu = 7), 'sylvia48@jacobs.com', 'Grzegorz', 'Lis', '2002-03-01');
INSERT INTO klient VALUES ((SELECT ID_adresu FROM adres WHERE ID_adresu = 8), 'marks.ervin@powlowski.com', '£ukasz', 'Jakubowski', '2009-12-19');
INSERT INTO klient VALUES ((SELECT ID_adresu FROM adres WHERE ID_adresu = 9), 'gabrielle09@yahoo.com', 'Marcin', 'Sikorski', '2015-06-22');
INSERT INTO klient VALUES ((SELECT ID_adresu FROM adres WHERE ID_adresu = 10), 'tromp.matilde@hotmail.com', 'Henryk', 'Stêpieñ', '2002-01-06');
INSERT INTO klient VALUES (NULL, 'jherman@yahoo.com', 'Jaros³aw', 'Urbañski', '2002-01-06');
INSERT INTO klient VALUES (NULL, 'gerlach.jaqueline@jakubowski.info', 'Marian', 'Nowicki', '2017-03-12');
INSERT INTO klient VALUES (NULL, 'chadrick50@shanahan.biz', 'Roman', 'Wiœniewski', '2002-01-28');
INSERT INTO klient VALUES (NULL, 'jsmitham@yahoo.com', 'Pawe³', 'Urbañski', '2013-10-08');
INSERT INTO klient VALUES (NULL, 'alec59@hotmail.com', 'Jaros³aw', 'Jankowski', '2009-03-19');
INSERT INTO klient VALUES (NULL, 'gayle.kuhlman@schiller.com', 'Mariusz', 'KaŸmierczak', '2008-07-08');
INSERT INTO klient VALUES (NULL, 'xrunolfsdottir@yahoo.com', 'Edward', 'Szewczyk', '2019-06-12');
INSERT INTO klient VALUES (NULL, 'prohaska.maxime@yahoo.com', 'Tadeusz', 'Lis', '2001-10-08');
INSERT INTO klient VALUES (NULL, 'hudson.homenick@gmail.com', 'Wies³aw', 'Kubiak', '2014-07-24');
INSERT INTO klient VALUES (NULL, 'ykeeling@jacobs.net', 'Edward', 'Brzeziñski', '2005-02-15');
/* klient END */

/* magazyn BEGIN */
INSERT INTO magazyn VALUES((SELECT ID_adresu FROM adres WHERE ID_adresu = 11), 7509, '+48947801554');
INSERT INTO magazyn VALUES((SELECT ID_adresu FROM adres WHERE ID_adresu = 12), 5175, '+48020869366');
INSERT INTO magazyn VALUES((SELECT ID_adresu FROM adres WHERE ID_adresu = 13), 7956, '+48772542043');
INSERT INTO magazyn VALUES((SELECT ID_adresu FROM adres WHERE ID_adresu = 14), 1953, '+48737296406');
INSERT INTO magazyn VALUES((SELECT ID_adresu FROM adres WHERE ID_adresu = 15), 8128, '+48943613779');
INSERT INTO magazyn VALUES((SELECT ID_adresu FROM adres WHERE ID_adresu = 16), 7350, '+48256319086');
INSERT INTO magazyn VALUES((SELECT ID_adresu FROM adres WHERE ID_adresu = 17), 4469, '+48135174106');
INSERT INTO magazyn VALUES((SELECT ID_adresu FROM adres WHERE ID_adresu = 18), 5432, '+48387399791');
INSERT INTO magazyn VALUES((SELECT ID_adresu FROM adres WHERE ID_adresu = 19), 2700, '+48026079448');
INSERT INTO magazyn VALUES((SELECT ID_adresu FROM adres WHERE ID_adresu = 20), 467, '+48549523274');
/* magazyn END */

/* stan BEGIN */
INSERT INTO stan VALUES ((SELECT ID_magazynu FROM magazyn WHERE ID_magazynu = 4), (SELECT ean FROM produkt WHERE ean = '689151263829'), 2111, 'niedostêpny');
INSERT INTO stan VALUES ((SELECT ID_magazynu FROM magazyn WHERE ID_magazynu = 7), (SELECT ean FROM produkt WHERE ean = '689151263829'), 985, 'dostêpny');
INSERT INTO stan VALUES ((SELECT ID_magazynu FROM magazyn WHERE ID_magazynu = 10), (SELECT ean FROM produkt WHERE ean = '276980714089'), 535, 'dostêpny');
INSERT INTO stan VALUES ((SELECT ID_magazynu FROM magazyn WHERE ID_magazynu = 2), (SELECT ean FROM produkt WHERE ean = '173587193688'), 1496, 'niedostêpny');
INSERT INTO stan VALUES ((SELECT ID_magazynu FROM magazyn WHERE ID_magazynu = 3), (SELECT ean FROM produkt WHERE ean = '555997233317'), 2140, 'wkrótce dostêpny');
INSERT INTO stan VALUES ((SELECT ID_magazynu FROM magazyn WHERE ID_magazynu = 8), (SELECT ean FROM produkt WHERE ean = '128244529013'), 4436, 'wkrótce dostêpny');
INSERT INTO stan VALUES ((SELECT ID_magazynu FROM magazyn WHERE ID_magazynu = 3), (SELECT ean FROM produkt WHERE ean = '165125043636'), 4361, 'dostêpny');
INSERT INTO stan VALUES ((SELECT ID_magazynu FROM magazyn WHERE ID_magazynu = 9), (SELECT ean FROM produkt WHERE ean = '598798407777'), 3140, 'wkrótce dostêpny');
INSERT INTO stan VALUES ((SELECT ID_magazynu FROM magazyn WHERE ID_magazynu = 3), (SELECT ean FROM produkt WHERE ean = '487527015433'), 4198, 'wkrótce dostêpny');
INSERT INTO stan VALUES ((SELECT ID_magazynu FROM magazyn WHERE ID_magazynu = 5), (SELECT ean FROM produkt WHERE ean = '650375388511'), 4400, 'niedostêpny');
INSERT INTO stan VALUES ((SELECT ID_magazynu FROM magazyn WHERE ID_magazynu = 6), (SELECT ean FROM produkt WHERE ean = '346730122470'), 3771, 'dostêpny');
INSERT INTO stan VALUES ((SELECT ID_magazynu FROM magazyn WHERE ID_magazynu = 5), (SELECT ean FROM produkt WHERE ean = '202602457268'), 664, 'niedostêpny');
INSERT INTO stan VALUES ((SELECT ID_magazynu FROM magazyn WHERE ID_magazynu = 3), (SELECT ean FROM produkt WHERE ean = '237244512131'), 320, 'wkrótce dostêpny');
INSERT INTO stan VALUES ((SELECT ID_magazynu FROM magazyn WHERE ID_magazynu = 9), (SELECT ean FROM produkt WHERE ean = '471310763767'), 3964, 'dostêpny');
INSERT INTO stan VALUES ((SELECT ID_magazynu FROM magazyn WHERE ID_magazynu = 10), (SELECT ean FROM produkt WHERE ean = '583379902200'), 668, 'wkrótce dostêpny');
INSERT INTO stan VALUES ((SELECT ID_magazynu FROM magazyn WHERE ID_magazynu = 8), (SELECT ean FROM produkt WHERE ean = '681234445457'), 1451, 'wkrótce dostêpny');
INSERT INTO stan VALUES ((SELECT ID_magazynu FROM magazyn WHERE ID_magazynu = 2), (SELECT ean FROM produkt WHERE ean = '535753862864'), 2833, 'niedostêpny');
INSERT INTO stan VALUES ((SELECT ID_magazynu FROM magazyn WHERE ID_magazynu = 5), (SELECT ean FROM produkt WHERE ean = '501207801527'), 934, 'dostêpny');
INSERT INTO stan VALUES ((SELECT ID_magazynu FROM magazyn WHERE ID_magazynu = 2), (SELECT ean FROM produkt WHERE ean = '649059069626'), 1109, 'wkrótce dostêpny');
INSERT INTO stan VALUES ((SELECT ID_magazynu FROM magazyn WHERE ID_magazynu = 2), (SELECT ean FROM produkt WHERE ean = '722782173161'), 2037, 'dostêpny');
INSERT INTO stan VALUES ((SELECT ID_magazynu FROM magazyn WHERE ID_magazynu = 7), (SELECT ean FROM produkt WHERE ean = '826783697567'), 985, 'dostêpny');
/* stan END */

/* dostêpnoœæ BEGIN */
INSERT INTO dostêpnoœæ VALUES ((SELECT ID_hurtowni FROM hurtownia WHERE ID_hurtowni = 10), (SELECT ean FROM produkt WHERE ean = '689151263829'), 7106, 'dostêpny');	
INSERT INTO dostêpnoœæ VALUES ((SELECT ID_hurtowni FROM hurtownia WHERE ID_hurtowni = 8),  (SELECT ean FROM produkt WHERE ean = '689151263829'), 4251, 'niedostêpny');	
INSERT INTO dostêpnoœæ VALUES ((SELECT ID_hurtowni FROM hurtownia WHERE ID_hurtowni = 19), (SELECT ean FROM produkt WHERE ean = '276980714089'), 1718, 'niedostêpny');	
INSERT INTO dostêpnoœæ VALUES ((SELECT ID_hurtowni FROM hurtownia WHERE ID_hurtowni = 13), (SELECT ean FROM produkt WHERE ean = '173587193688'), 246, 'dostêpny');			
INSERT INTO dostêpnoœæ VALUES ((SELECT ID_hurtowni FROM hurtownia WHERE ID_hurtowni = 1),  (SELECT ean FROM produkt WHERE ean = '555997233317'), 8042, 'dostêpny');		
INSERT INTO dostêpnoœæ VALUES ((SELECT ID_hurtowni FROM hurtownia WHERE ID_hurtowni = 5), (SELECT ean FROM produkt WHERE ean = '128244529013'), 1108, 'dostêpny');		
INSERT INTO dostêpnoœæ VALUES ((SELECT ID_hurtowni FROM hurtownia WHERE ID_hurtowni = 16), (SELECT ean FROM produkt WHERE ean = '165125043636'), 875, 'niedostêpny');	
INSERT INTO dostêpnoœæ VALUES ((SELECT ID_hurtowni FROM hurtownia WHERE ID_hurtowni = 5), (SELECT ean FROM produkt WHERE ean = '598798407777'), 1629, 'dostêpny');		
INSERT INTO dostêpnoœæ VALUES ((SELECT ID_hurtowni FROM hurtownia WHERE ID_hurtowni = 6),  (SELECT ean FROM produkt WHERE ean = '487527015433'), 4853, 'niedostêpny');		
INSERT INTO dostêpnoœæ VALUES ((SELECT ID_hurtowni FROM hurtownia WHERE ID_hurtowni = 5),  (SELECT ean FROM produkt WHERE ean = '650375388511'), 200, 'niedostêpny');		
INSERT INTO dostêpnoœæ VALUES ((SELECT ID_hurtowni FROM hurtownia WHERE ID_hurtowni = 19), (SELECT ean FROM produkt WHERE ean = '346730122470'), 5441, 'wkrótce dostêpny');
INSERT INTO dostêpnoœæ VALUES ((SELECT ID_hurtowni FROM hurtownia WHERE ID_hurtowni = 18), (SELECT ean FROM produkt WHERE ean = '202602457268'), 482, 'niedostêpny');	
INSERT INTO dostêpnoœæ VALUES ((SELECT ID_hurtowni FROM hurtownia WHERE ID_hurtowni = 19), (SELECT ean FROM produkt WHERE ean = '237244512131'), 4110, 'niedostêpny');	
INSERT INTO dostêpnoœæ VALUES ((SELECT ID_hurtowni FROM hurtownia WHERE ID_hurtowni = 6),  (SELECT ean FROM produkt WHERE ean = '471310763767'), 6015, 'wkrótce dostêpny');
INSERT INTO dostêpnoœæ VALUES ((SELECT ID_hurtowni FROM hurtownia WHERE ID_hurtowni = 5),  (SELECT ean FROM produkt WHERE ean = '583379902200'), 7586, 'wkrótce dostêpny');
INSERT INTO dostêpnoœæ VALUES ((SELECT ID_hurtowni FROM hurtownia WHERE ID_hurtowni = 4),  (SELECT ean FROM produkt WHERE ean = '681234445457'), 9464, 'dostêpny');		
INSERT INTO dostêpnoœæ VALUES ((SELECT ID_hurtowni FROM hurtownia WHERE ID_hurtowni = 13), (SELECT ean FROM produkt WHERE ean = '535753862864'), 5693, 'niedostêpny');		
INSERT INTO dostêpnoœæ VALUES ((SELECT ID_hurtowni FROM hurtownia WHERE ID_hurtowni = 8),  (SELECT ean FROM produkt WHERE ean = '501207801527'), 110, 'niedostêpny');	
INSERT INTO dostêpnoœæ VALUES ((SELECT ID_hurtowni FROM hurtownia WHERE ID_hurtowni = 8), (SELECT ean FROM produkt WHERE ean = '649059069626'), 1008, 'dostêpny');		
INSERT INTO dostêpnoœæ VALUES ((SELECT ID_hurtowni FROM hurtownia WHERE ID_hurtowni = 5),  (SELECT ean FROM produkt WHERE ean = '722782173161'), 69, 'niedostêpny');	
INSERT INTO dostêpnoœæ VALUES ((SELECT ID_hurtowni FROM hurtownia WHERE ID_hurtowni = 8),  (SELECT ean FROM produkt WHERE ean = '826783697567'), 4251, 'niedostêpny');

/* dostêpnoœæ END */

/* zamówienie BEGIN */
INSERT INTO zamówienie VALUES ((SELECT ID_adresu FROM adres WHERE ID_adresu = 8),  '2017-05-12', 444.00, '2017-05-15', 'przyjêto');
INSERT INTO zamówienie VALUES ((SELECT ID_adresu FROM adres WHERE ID_adresu = 9),  '2001-02-20', 479.92, '2001-02-23', 'przyjêto');
INSERT INTO zamówienie VALUES ((SELECT ID_adresu FROM adres WHERE ID_adresu = 6), '2016-03-24', 298.80, '2016-03-27', 'dostarczono');
INSERT INTO zamówienie VALUES ((SELECT ID_adresu FROM adres WHERE ID_adresu = 2),  '2007-10-20', 320.06, '2007-10-23', 'dostarczono');
INSERT INTO zamówienie VALUES ((SELECT ID_adresu FROM adres WHERE ID_adresu = 4),  '2017-03-16', 24.90, '2017-03-19', 'dostarczono');
INSERT INTO zamówienie VALUES ((SELECT ID_adresu FROM adres WHERE ID_adresu = 2), '2004-10-23', 49.90, '2004-10-26', 'w drodze');
INSERT INTO zamówienie VALUES ((SELECT ID_adresu FROM adres WHERE ID_adresu = 7),  '2013-02-24', 1199.76, '2013-02-27', 'przyjêto');
INSERT INTO zamówienie VALUES ((SELECT ID_adresu FROM adres WHERE ID_adresu = 5), '2003-07-13', 159.60, '2003-07-16', 'dostarczono');
INSERT INTO zamówienie VALUES ((SELECT ID_adresu FROM adres WHERE ID_adresu = 7), '2013-01-18', 179.97, '2013-01-21', 'jest pakowana');
INSERT INTO zamówienie VALUES ((SELECT ID_adresu FROM adres WHERE ID_adresu = 2),  '2007-09-04', 269.10, '2007-09-07', 'dostarczono');
/* zamówienie END */

/* pozycja_zamówienia BEGIN */
INSERT INTO pozycja_zamówienia VALUES(1, '202602457268', 1, 5);
INSERT INTO pozycja_zamówienia VALUES(2, '826783697567', 1, 9);
INSERT INTO pozycja_zamówienia VALUES(1, '237244512131', 2, 8);
INSERT INTO pozycja_zamówienia VALUES(1, '471310763767', 3, 12);
INSERT INTO pozycja_zamówienia VALUES(1, '583379902200', 4, 14);
INSERT INTO pozycja_zamówienia VALUES(1, '681234445457', 5, 1);
INSERT INTO pozycja_zamówienia VALUES(1, '535753862864', 6, 1);
INSERT INTO pozycja_zamówienia VALUES(1, '501207801527', 7, 24);
INSERT INTO pozycja_zamówienia VALUES(1, '649059069626', 8, 4);
INSERT INTO pozycja_zamówienia VALUES(1, '722782173161', 9, 3);
INSERT INTO pozycja_zamówienia VALUES(1, '826783697567', 10, 9);
/* pozycja_zamówienia END */

/* dostawa BEGIN */
INSERT INTO dostawa VALUES ((SELECT ID_magazynu FROM magazyn WHERE ID_magazynu = 4), (SELECT ID_hurtowni FROM hurtownia WHERE ID_hurtowni = 9), 8980.00, 'w drodze', '2004-02-01');
INSERT INTO dostawa VALUES ((SELECT ID_magazynu FROM magazyn WHERE ID_magazynu = 6), (SELECT ID_hurtowni FROM hurtownia WHERE ID_hurtowni = 12), 3490.00, 'w drodze', '2012-08-04');
INSERT INTO dostawa VALUES ((SELECT ID_magazynu FROM magazyn WHERE ID_magazynu = 2), (SELECT ID_hurtowni FROM hurtownia WHERE ID_hurtowni = 13), 7999.00, 'dostarczono', '2004-06-09');
INSERT INTO dostawa VALUES ((SELECT ID_magazynu FROM magazyn WHERE ID_magazynu = 4), (SELECT ID_hurtowni FROM hurtownia WHERE ID_hurtowni = 18), 1990.00, 'dostarczono', '2015-10-25');
INSERT INTO dostawa VALUES ((SELECT ID_magazynu FROM magazyn WHERE ID_magazynu = 10), (SELECT ID_hurtowni FROM hurtownia WHERE ID_hurtowni = 6), 5999.00, 'przyjêto', '2017-12-07');
INSERT INTO dostawa VALUES ((SELECT ID_magazynu FROM magazyn WHERE ID_magazynu = 8), (SELECT ID_hurtowni FROM hurtownia WHERE ID_hurtowni = 8), 2990.00, 'przyjêto', '2005-09-28');
INSERT INTO dostawa VALUES ((SELECT ID_magazynu FROM magazyn WHERE ID_magazynu = 10), (SELECT ID_hurtowni FROM hurtownia WHERE ID_hurtowni = 15), 3490.00, 'dostarczono', '2014-03-20');
INSERT INTO dostawa VALUES ((SELECT ID_magazynu FROM magazyn WHERE ID_magazynu = 7), (SELECT ID_hurtowni FROM hurtownia WHERE ID_hurtowni = 19), 3490.00, 'przyjêto', '2010-12-08');
INSERT INTO dostawa VALUES ((SELECT ID_magazynu FROM magazyn WHERE ID_magazynu = 9), (SELECT ID_hurtowni FROM hurtownia WHERE ID_hurtowni = 9), 2990.00, 'w drodze', '2019-11-22');
INSERT INTO dostawa VALUES ((SELECT ID_magazynu FROM magazyn WHERE ID_magazynu = 9), (SELECT ID_hurtowni FROM hurtownia WHERE ID_hurtowni = 7), 2990.00, 'przyjêto', '2019-04-06');
INSERT INTO dostawa VALUES ((SELECT ID_magazynu FROM magazyn WHERE ID_magazynu = 9), (SELECT ID_hurtowni FROM hurtownia WHERE ID_hurtowni = 9), 2990.00, 'przyjêto', '2019-04-04');
INSERT INTO dostawa VALUES ((SELECT ID_magazynu FROM magazyn WHERE ID_magazynu = 9), (SELECT ID_hurtowni FROM hurtownia WHERE ID_hurtowni = 9), 2990.00, 'dostarczono', '2019-04-06');
INSERT INTO dostawa VALUES ((SELECT ID_magazynu FROM magazyn WHERE ID_magazynu = 9), (SELECT ID_hurtowni FROM hurtownia WHERE ID_hurtowni = 9), 2990.00, 'dostarczono', '2019-04-26');
INSERT INTO dostawa VALUES ((SELECT ID_magazynu FROM magazyn WHERE ID_magazynu = 9), (SELECT ID_hurtowni FROM hurtownia WHERE ID_hurtowni = 9), 2990.00, 'dostarczono', '2019-04-01');
/* dostawa END */

/* pozycja_dostawy BEGIN */
INSERT INTO pozycja_dostawy VALUES(1, '689151263829', 1, 100);
INSERT INTO pozycja_dostawy VALUES(2, '346730122470', 1, 100);
INSERT INTO pozycja_dostawy VALUES(1, '276980714089', 2, 100);
INSERT INTO pozycja_dostawy VALUES(1, '173587193688', 3, 100);
INSERT INTO pozycja_dostawy VALUES(1, '555997233317', 4, 100);
INSERT INTO pozycja_dostawy VALUES(1, '128244529013', 5, 100);
INSERT INTO pozycja_dostawy VALUES(1, '165125043636', 6, 100);
INSERT INTO pozycja_dostawy VALUES(1, '598798407777', 7, 100);
INSERT INTO pozycja_dostawy VALUES(1, '487527015433', 8, 100);
INSERT INTO pozycja_dostawy VALUES(1, '650375388511', 9, 100);
INSERT INTO pozycja_dostawy VALUES(1, '346730122470', 10, 100);
INSERT INTO pozycja_dostawy VALUES(1, '346730122470', 11, 100);
INSERT INTO pozycja_dostawy VALUES(1, '346730122470', 12, 100);
INSERT INTO pozycja_dostawy VALUES(1, '346730122470', 13, 100);
INSERT INTO pozycja_dostawy VALUES(1, '346730122470', 14, 100);
/* pozycja_dostawy END */